Title,Composition,Price,Image,Timestamp,SKU,Link,Type,Polyester,Viscose,Elastane,Cotton,Polyamide,Modal,Biodegradable,BiodegradableRatio,MaterialCount
SHEIN EZwear Women's Irregular Hem Knitted T-Shirt,"65% Polyester, 35% Viscose",7.89,https://img.ltwebstatic.com/images3_pi/2024/01/22/2e/1705907134e650fb6fa28d83eb4740f62eb15a26e9_thumbnail_220x293.jpg,2024-03-14 05:07:25.449289,sz2303084145481216,https://us.shein.com/SHEIN-EZwear-Women-s-Irregular-Hem-Knitted-T-Shirt-p-29438891.html,1738,65,35,0,0,0,0,False,35,2
Women's Coconut Tree & Letter Print Drop Shoulder Sleeve T-Shirt,"95% Polyester, 5% Elastane",7.39,https://img.ltwebstatic.com/images3_pi/2024/03/13/9e/1710302526e79af195b61613e2d01e46e2b379e7c8_thumbnail_220x293.jpg,2024-03-14 05:12:46.234897,sz2401038313012348,https://us.shein.com/Women-s-Coconut-Tree-Letter-Print-Drop-Shoulder-Sleeve-T-Shirt-p-29292165.html,1738,95,0,5,0,0,0,False,0,2
SHEIN Slayr Women's Short Sleeve T-Shirt With Hooded Portrait Print,"95% Polyester, 5% Elastane",6.89,https://img.ltwebstatic.com/images3_pi/2024/01/09/39/170478128255783fd32944de3eeb434ddc88c01e2b_thumbnail_220x293.jpg,2024-03-14 05:10:32.196093,sz2401090370683648,https://us.shein.com/SHEIN-Slayr-Women-s-Short-Sleeve-T-Shirt-With-Hooded-Portrait-Print-p-28832202.html,1738,95,0,5,0,0,0,False,0,2
SHEIN EZwear Women's V-Neck Tank Top T-Shirt,"95% Polyester, 5% Elastane",4.29,https://img.ltwebstatic.com/images3_pi/2024/03/12/22/1710223903bee76c0e5b9a1fcb91c52eea6790523c_thumbnail_220x293.jpg,2024-03-14 05:10:56.328993,sz2401080360336611,https://us.shein.com/SHEIN-EZwear-Women-s-V-Neck-Tank-Top-T-Shirt-p-29535102.html,1738,95,0,5,0,0,0,False,0,2
SHEIN VCAY Floral Print V-Neck Ruffle Armhole Blouse,100% Polyester,7.19,https://img.ltwebstatic.com/images3_pi/2024/01/29/20/1706522620dc459365dd4cd22238b1a13a8c021190_thumbnail_220x293.jpg,2024-03-14 05:08:26.000769,sz2312093424238632,https://us.shein.com/SHEIN-VCAY-Floral-Print-V-Neck-Ruffle-Armhole-Blouse-p-29716576.html,1733,100,0,0,0,0,0,False,0,1
SHEIN BohoFeels Women's Round Neck Solid Color Drop Shoulder Sleeves T-Shirt,"97% Cotton, 3% Elastane",15.09,https://img.ltwebstatic.com/images3_pi/2024/02/02/fc/1706853366b6bb3397fc3a4c52e03286dab06b0f84_thumbnail_220x293.jpg,2024-03-14 05:06:08.917089,sz2309123337513621,https://us.shein.com/SHEIN-BohoFeels-Women-s-Round-Neck-Solid-Color-Drop-Shoulder-Sleeves-T-Shirt-p-29860834.html,1738,0,0,3,97,0,0,False,97,2
"SHEIN LUNE Heart Shape Sequin Detail Round Neck Short Sleeve T-Shirt, Perfect For Romantic Valentine's Day","95% Polyester, 5% Elastane",6.89,https://img.ltwebstatic.com/images3_pi/2024/03/12/9e/17102016422e877d23539a5d49afcaf084a860c4fd_thumbnail_220x293.jpg,2024-03-14 05:07:39.319558,sz2401150203861128,https://us.shein.com/SHEIN-LUNE-Heart-Shape-Sequin-Detail-Round-Neck-Short-Sleeve-T-Shirt-Perfect-For-Romantic-Valentine-s-Day-p-29793734.html,1738,95,0,5,0,0,0,False,0,2
SHEIN VCAY Color Block Hollow Out Detail Vest Top,"95% Polyester, 5% Elastane",6.59,https://img.ltwebstatic.com/images3_pi/2024/01/12/f5/1705052480f0c2d86c94cfd33f9413664943ea84e8_thumbnail_220x293.jpg,2024-03-14 05:14:01.476325,sz2312087329312873,https://us.shein.com/SHEIN-VCAY-Color-Block-Hollow-Out-Detail-Vest-Top-p-29117261.html,1779,95,0,5,0,0,0,False,0,2
ADVENTURE TIME X SHEIN Cartoon Print Round Neck T-Shirt,"62% Polyester, 34% Cotton, 4% Elastane",9.99,https://img.ltwebstatic.com/images3_pi/2023/12/09/cd/17021023067db143743143375f5da771a678bdc945_thumbnail_220x293.jpg,2024-03-14 05:09:13.258590,sz2308142433334207,https://us.shein.com/ADVENTURE-TIME-X-SHEIN-Cartoon-Print-Round-Neck-T-Shirt-p-27402640.html,1738,62,0,4,34,0,0,False,34,3
Women's Slogan Print Drop Shoulder T-Shirt,"95% Polyester, 5% Elastane",7.39,https://img.ltwebstatic.com/images3_pi/2024/01/29/46/170652134149eac1e9a2a70de9a6c7638b2a5a47a3_thumbnail_220x293.jpg,2024-03-14 05:11:11.866028,sz2401034989947813,https://us.shein.com/Women-s-Slogan-Print-Drop-Shoulder-T-Shirt-p-29765579.html,1738,95,0,5,0,0,0,False,0,2
SHEIN Coolane Women's Sparkling Rhinestone Butterfly Shape Camisole Tank Top,"95% Viscose, 5% Elastane",11.79,https://img.ltwebstatic.com/images3_pi/2024/01/16/16/17053769105039812c839d9db863a06e8e51f30c1b_thumbnail_220x293.jpg,2024-03-14 05:08:03.364605,sz2311227546889989,https://us.shein.com/SHEIN-Coolane-Women-s-Sparkling-Rhinestone-Butterfly-Shape-Camisole-Tank-Top-p-29182731.html,1779,0,95,5,0,0,0,False,95,2
Women's Sleeveless Vest Top With Face Print And Notched Collar,"95% Polyester, 5% Elastane",4.69,https://img.ltwebstatic.com/images3_pi/2024/02/27/b3/170899856249f76ec4d36e08a02019882107b983bd_thumbnail_220x293.jpg,2024-03-14 05:05:46.905479,sz2312272018374550,https://us.shein.com/Women-s-Sleeveless-Vest-Top-With-Face-Print-And-Notched-Collar-p-29173596.html,1779,95,0,5,0,0,0,False,0,2
SHEIN Essnce Women's Solid Color Drop Shoulder Loose T-Shirt,"65% Polyester, 35% Viscose",7.29,https://img.ltwebstatic.com/images3_pi/2024/01/22/d1/17059192331cc0434dba026c320d79577c7c008838_thumbnail_220x293.jpg,2024-03-14 05:07:43.725832,sw2303022572175757,https://us.shein.com/SHEIN-Essnce-Women-s-Solid-Color-Drop-Shoulder-Loose-T-Shirt-p-29448815.html,1738,65,35,0,0,0,0,False,35,2
SHEIN ICON Strapless Top With Metal Grommet Detailing Black Corset Top For Women,"72% Viscose, 25% Polyamide, 3% Elastane",13.89,https://img.ltwebstatic.com/images3_pi/2024/02/19/cb/17083339859db2704cc29fb22441441c2d89396d0f_thumbnail_220x293.jpg,2024-03-14 05:07:12.074479,sz2311301505611162,https://us.shein.com/SHEIN-ICON-Strapless-Top-With-Metal-Grommet-Detailing-Black-Corset-Top-For-Women-p-30138581.html,2223,0,72,3,0,25,0,False,72,3
"SHEIN EZwear 3pcs/Set Plain Round Neck Long Sleeve Crop Top For Women, Summer","95% Polyester, 5% Elastane",13.79,https://img.ltwebstatic.com/images3_pi/2024/02/22/71/17085707558da77e578236465e7b0cdf2286ab7426_thumbnail_220x293.jpg,2024-03-14 05:09:18.295212,sz2312047576751035,https://us.shein.com/SHEIN-EZwear-3pcs-Set-Plain-Round-Neck-Long-Sleeve-Crop-Top-For-Women-Summer-p-30370418.html,1738,95,0,5,0,0,0,False,0,2
Ladies' Plant Print Sleeveless Tank Top,"80% Polyester, 20% Elastane",5.99,https://img.ltwebstatic.com/images3_pi/2023/12/18/a3/17028634663123285d83efd62e299bba8a3f913ef2_thumbnail_220x293.jpg,2024-03-14 05:13:09.422974,sz2312049570175516,https://us.shein.com/Ladies-Plant-Print-Sleeveless-Tank-Top-p-27780578.html,1779,80,0,20,0,0,0,False,0,2
5pcs Solid Color Slim Fit Vest Tops,"95% Polyester, 5% Elastane",15.19,https://img.ltwebstatic.com/images3_pi/2024/01/19/57/170563074335b73cefe885b40f033c9c4d78d64b49_thumbnail_220x293.jpg,2024-03-14 05:13:52.179685,sz2312125809936775,https://us.shein.com/5pcs-Solid-Color-Slim-Fit-Vest-Tops-p-28442628.html,1779,95,0,5,0,0,0,False,0,2
SHEIN Privé Solid Color Hollow Out Sleeveless Shirt,100% Polyester,5.25,https://img.ltwebstatic.com/images3_pi/2024/01/15/b3/1705324379848ce85ecd4ced9db43d8ea30a67a63f_thumbnail_220x293.jpg,2024-03-14 05:09:46.762279,sz2401051615131979,https://us.shein.com/SHEIN-Priv-Solid-Color-Hollow-Out-Sleeveless-Shirt-p-29150121.html,1733,100,0,0,0,0,0,False,0,1
MUSERA Chiffon Extreme Cowl Neck Backless Top,100% Polyester,6.09,https://img.ltwebstatic.com/images3_pi/2024/02/06/c0/1707188442f5c6fbd39e83b99c9d9d8aa4159ff8d4_thumbnail_220x293.jpg,2024-03-14 05:11:31.301207,sz2312221911251528,https://us.shein.com/MUSERA-Chiffon-Extreme-Cowl-Neck-Backless-Top-p-29967584.html,1779,100,0,0,0,0,0,False,0,1
Women's Eye Print Camisole,"95% Polyester, 5% Elastane",4.39,https://img.ltwebstatic.com/images3_pi/2024/01/17/89/1705484056e6b32df4ef2d67911958f24395da123a_thumbnail_220x293.jpg,2024-03-14 05:06:27.448624,sz2401157170939118,https://us.shein.com/Women-s-Eye-Print-Camisole-p-29250561.html,1779,95,0,5,0,0,0,False,0,2
"SHEIN Qutie Cartoon Bunny Pattern Round Neck Short Sleeve T-Shirt, Suitable For Easter And Casual Wear","95% Polyester, 5% Elastane",6.49,https://img.ltwebstatic.com/images3_pi/2024/02/04/b2/1707039484c6f4b7229922a69cab1048d73f01e20d_thumbnail_220x293.jpg,2024-03-14 05:08:30.695020,sz2401187772700000,https://us.shein.com/SHEIN-Qutie-Cartoon-Bunny-Pattern-Round-Neck-Short-Sleeve-T-Shirt-Suitable-For-Easter-And-Casual-Wear-p-29917794.html,1738,95,0,5,0,0,0,False,0,2
SHEIN Frenchy Women's Shiny Sequin Spaghetti Strap Cold Shoulder Cami Top For Spring/Summer,100% Polyester,10.39,https://img.ltwebstatic.com/images3_pi/2024/01/13/81/1705115664860fa21986394dba68ea4dc8252058c2_thumbnail_220x293.jpg,2024-03-14 05:13:13.341024,sz2312024774481779,https://us.shein.com/SHEIN-Frenchy-Women-s-Shiny-Sequin-Spaghetti-Strap-Cold-Shoulder-Cami-Top-For-Spring-Summer-p-29110686.html,1779,100,0,0,0,0,0,False,0,1
Women's Letter & Motorcycle Pattern Printed Short Sleeve T-Shirt,"95% Polyester, 5% Elastane",4.49,https://img.ltwebstatic.com/images3_pi/2024/01/23/7c/1706008939d5831c91fdb12da59609a911810e8cb4_thumbnail_220x293.jpg,2024-03-14 05:12:01.608178,sz2401172392061659,https://us.shein.com/Women-s-Letter-Motorcycle-Pattern-Printed-Short-Sleeve-T-Shirt-p-29498309.html,1738,95,0,5,0,0,0,False,0,2
SHEIN Privé Women's Solid Color Pleated One Shoulder Sleeveless Top,100% Polyester,12.09,https://img.ltwebstatic.com/images3_pi/2024/02/02/da/1706878241e826ba1fc9af48ac044be98d8c84830f_thumbnail_220x293.jpg,2024-03-14 05:09:07.651325,sz2401184225446102,https://us.shein.com/SHEIN-Priv-Women-s-Solid-Color-Pleated-One-Shoulder-Sleeveless-Top-p-30147252.html,2223,100,0,0,0,0,0,False,0,1
SHEIN Slayr Women's Rhinestone Letter Print Cropped T-Shirt,"94% Polyester, 6% Elastane",5.0,https://img.ltwebstatic.com/images3_pi/2023/12/21/f5/1703133935ef94c8458c5e2f19da3e40db42803bc7_thumbnail_220x293.jpg,2024-03-14 05:08:42.858641,sz2305252066824442,https://us.shein.com/SHEIN-Slayr-Women-s-Rhinestone-Letter-Print-Cropped-T-Shirt-p-27988518.html,1738,94,0,6,0,0,0,False,0,2
Women's Loose Fit Back Printed T-Shirt,"95% Polyester, 5% Elastane",7.39,https://img.ltwebstatic.com/images3_pi/2024/02/02/ef/1706879840794142ced573e8fdf84611ceb6b30769_thumbnail_220x293.jpg,2024-03-14 05:06:49.280124,sz2402029167742242,https://us.shein.com/Women-s-Loose-Fit-Back-Printed-T-Shirt-p-29958983.html,1738,95,0,5,0,0,0,False,0,2
SHEIN Privé Women'S Irregular Printed Batwing Sleeve Shirt,"95% Polyester, 5% Elastane",5.29,https://img.ltwebstatic.com/images3_pi/2023/12/20/03/1703058393f4dedc6cf6b063c8608710a481ace6c5_thumbnail_220x293.jpg,2024-03-14 05:12:41.206251,sz2305104445672726,https://us.shein.com/SHEIN-Priv-Women-S-Irregular-Printed-Batwing-Sleeve-Shirt-p-27945205.html,1733,95,0,5,0,0,0,False,0,2
DAZY Women's Solid Color Zipper Half Placket Raglan Short Sleeve T-Shirt,"61% Polyester, 33% Viscose, 6% Elastane",8.79,https://img.ltwebstatic.com/images3_pi/2024/02/20/f9/170841057898a9a32016164859afb61acca4499f29_thumbnail_220x293.jpg,2024-03-14 05:09:37.368671,sz2401075588299080,https://us.shein.com/DAZY-Women-s-Solid-Color-Zipper-Half-Placket-Raglan-Short-Sleeve-T-Shirt-p-30205415.html,1738,61,33,6,0,0,0,False,33,3
SHEIN Privé Solid Color Pleated Slim Fit Deep V-Neck Camisole Top,"92% Polyester, 8% Elastane",7.09,https://img.ltwebstatic.com/images3_pi/2024/01/16/a3/17053970488b47694772c7de990848bf54989a0bf1_thumbnail_220x293.jpg,2024-03-14 05:07:48.203759,sz2312160170742077,https://us.shein.com/SHEIN-Priv-Solid-Color-Pleated-Slim-Fit-Deep-V-Neck-Camisole-Top-p-29211299.html,1779,92,0,8,0,0,0,False,0,2
Women's Fashionable Round Neck Short Sleeve T-Shirt With Valentine's Day Slogan Print,"95% Polyester, 5% Elastane",4.39,https://img.ltwebstatic.com/images3_pi/2024/03/08/4b/1709902862074799f51bb326f776b80d298120d6af_thumbnail_220x293.jpg,2024-03-14 05:07:07.700400,sz2401255871835450,https://us.shein.com/Women-s-Fashionable-Round-Neck-Short-Sleeve-T-Shirt-With-Valentine-s-Day-Slogan-Print-p-30132397.html,1738,95,0,5,0,0,0,False,0,2
SHEIN Slayr Bear & Letter Printed T-Shirt,"95% Polyester, 5% Elastane",6.99,https://img.ltwebstatic.com/images3_pi/2024/01/03/e5/170427671974a1f73c240b338d91a4cbbc577c1715_thumbnail_220x293.jpg,2024-03-14 05:07:34.056926,sz2306212622132253,https://us.shein.com/SHEIN-Slayr-Bear-Letter-Printed-T-Shirt-p-28570442.html,1738,95,0,5,0,0,0,False,0,2
SHEIN EZwear Casual Summer Women's Short Sleeve Slim Fit Cropped T-Shirt With Music Character Pattern,"95% Polyester, 5% Elastane",4.59,https://img.ltwebstatic.com/images3_pi/2024/02/20/55/17084190097cedef9309c67d42b3a108e12bafd7a2_thumbnail_220x293.jpg,2024-03-14 05:08:38.831586,sz2312196100151218,https://us.shein.com/SHEIN-EZwear-Casual-Summer-Women-s-Short-Sleeve-Slim-Fit-Cropped-T-Shirt-With-Music-Character-Pattern-p-30222255.html,1738,95,0,5,0,0,0,False,0,2
"Don't Be Salty Plus Size Short Sleeve T-Shirt, Women's Plus Casual Tee Cute Girl Clothes",100% Polyester,6.19,https://img.ltwebstatic.com/images3_pi/2024/03/11/4a/1710147662668f7c34b04d31d5bfc533b75cad32fd_thumbnail_220x293.jpg,2024-03-14 05:08:21.440812,sz2402205651692315,https://us.shein.com/Don-t-Be-Salty-Plus-Size-Short-Sleeve-T-Shirt-Women-s-Plus-Casual-Tee-Cute-Girl-Clothes-p-30295570.html,1738,100,0,0,0,0,0,False,0,1
SHEIN EZwear Women's Solid Color Knitted Square Neckline T-Shirt,"92% Polyester, 8% Elastane",3.5,https://img.ltwebstatic.com/images3_pi/2024/01/17/91/1705460807d2f1ee725b51f495aa97d4c42764a60a_thumbnail_220x293.jpg,2024-03-14 05:07:52.408428,sz2305251199915377,https://us.shein.com/SHEIN-EZwear-Women-s-Solid-Color-Knitted-Square-Neckline-T-Shirt-p-29223037.html,1738,92,0,8,0,0,0,False,0,2
SHEIN Frenchy Women's Lapel Short Sleeve Shirt,100% Polyester,6.76,https://img.ltwebstatic.com/images3_pi/2024/02/04/ed/1707031867bcbb8a5ad1dd995a34e1e877481b4e94_thumbnail_220x293.jpg,2024-03-14 05:07:16.109169,sz2312120390528273,https://us.shein.com/SHEIN-Frenchy-Women-s-Lapel-Short-Sleeve-Shirt-p-29456675.html,1733,100,0,0,0,0,0,False,0,1
Women's Short Sleeve T-Shirt With Smiling Face And Checkerboard Pattern,"95% Polyester, 5% Elastane",7.49,https://img.ltwebstatic.com/images3_pi/2024/02/04/df/17070094530198228b81dcf07958a6a7eef987f759_thumbnail_220x293.jpg,2024-03-14 05:12:51.455649,sz2401264000042041,https://us.shein.com/Women-s-Short-Sleeve-T-Shirt-With-Smiling-Face-And-Checkerboard-Pattern-p-29884994.html,1738,95,0,5,0,0,0,False,0,2
SHEIN Frenchy Solid Color Button Front Camisole Vest Top,100% Polyester,9.29,https://img.ltwebstatic.com/images3_pi/2023/12/22/82/17032136425a910e7d109893a761f0e7f5b11aad41_thumbnail_220x293.jpg,2024-03-14 05:06:58.177431,sz2312155646532750,https://us.shein.com/SHEIN-Frenchy-Solid-Color-Button-Front-Camisole-Vest-Top-p-28047587.html,1779,100,0,0,0,0,0,False,0,1
Women's Off Shoulder Long Sleeve T-Shirt,"95% Polyester, 5% Elastane",6.69,https://img.ltwebstatic.com/images3_pi/2024/01/18/39/17055816875ff30e8d2377536bb5c5591b168b27a9_thumbnail_220x293.jpg,2024-03-14 05:12:21.177931,sz2312116449898701,https://us.shein.com/Women-s-Off-Shoulder-Long-Sleeve-T-Shirt-p-29352699.html,1738,95,0,5,0,0,0,False,0,2
SHEIN EZwear Women's Multicolor Knitted V-Neck Short Sleeve Slim Fit T-Shirt,"65% Polyester, 35% Viscose",12.39,https://img.ltwebstatic.com/images3_pi/2024/01/23/ed/17059772799984ebb16857ae0460a94d14956b935f_thumbnail_220x293.jpg,2024-03-14 05:14:12.191079,sz2312016156595963,https://us.shein.com/SHEIN-EZwear-Women-s-Multicolor-Knitted-V-Neck-Short-Sleeve-Slim-Fit-T-Shirt-p-29457833.html,1738,65,35,0,0,0,0,False,35,2
SHEIN Frenchy Ladies' Style Printed Casual Holiday Blouse With Round Neck And Flying Sleeves,"95% Polyester, 5% Elastane",4.0,https://img.ltwebstatic.com/images3_pi/2024/01/29/32/1706491422bf1bd153f3e95448da92f7d15ce73231_thumbnail_220x293.jpg,2024-03-14 05:13:37.906731,sz2312091649933377,https://us.shein.com/SHEIN-Frenchy-Ladies-Style-Printed-Casual-Holiday-Blouse-With-Round-Neck-And-Flying-Sleeves-p-29707032.html,1733,95,0,5,0,0,0,False,0,2
SHEIN VCAY Women's Feather Printed Camisole Top,"95% Polyester, 5% Elastane",4.0,https://img.ltwebstatic.com/images3_pi/2024/01/12/a4/1705037034591bf892af80072209dba78b2c2b31db_thumbnail_220x293.jpg,2024-03-14 05:06:04.554489,sw2301102387328228,https://us.shein.com/SHEIN-VCAY-Women-s-Feather-Printed-Camisole-Top-p-29006400.html,1779,95,0,5,0,0,0,False,0,2
SHEIN BAE Women's Ribbed Tank Top,"96% Viscose, 4% Elastane",3.89,https://img.ltwebstatic.com/images3_pi/2024/01/12/e5/1705050822f4bc3acbbffeafab2c7ba2e49381bb4e_thumbnail_220x293.jpg,2024-03-14 05:06:45.320959,sS2006300011047489,https://us.shein.com/SHEIN-BAE-Women-s-Ribbed-Tank-Top-p-26836157.html,1779,0,96,4,0,0,0,False,96,2
SHEIN Qutie Ladies' Solid Color Pleated Halter Neck Tank Top,"91% Viscose, 9% Elastane",5.09,https://img.ltwebstatic.com/images3_pi/2024/01/09/97/17047706108d7d0b72626b3a0ff00538379379ba4a_thumbnail_220x293.jpg,2024-03-14 05:10:01.924314,sw2212218188285480,https://us.shein.com/SHEIN-Qutie-Ladies-Solid-Color-Pleated-Halter-Neck-Tank-Top-p-28813627.html,1779,0,91,9,0,0,0,False,91,2
SHEIN Essnce Women's V-Neck Pocket Front T-Shirt,"94% Viscose, 6% Elastane",6.89,https://img.ltwebstatic.com/images3_pi/2024/01/24/ff/1706085112506c62fb75303ee7099b1b9b274d201b_thumbnail_220x293.jpg,2024-03-14 05:10:36.887818,sz2303239168644438,https://us.shein.com/SHEIN-Essnce-Women-s-V-Neck-Pocket-Front-T-Shirt-p-29537307.html,1738,0,94,6,0,0,0,False,94,2
SHEIN LUNE Women's Animal Print Round Neck T-Shirt,"95% Polyester, 5% Elastane",6.39,https://img.ltwebstatic.com/images3_pi/2024/02/22/9f/170856713548e9486aa4bc5602a4fa806e555e6aae_thumbnail_220x293.jpg,2024-03-14 05:05:32.063824,sz2402214232501541,https://us.shein.com/SHEIN-LUNE-Women-s-Animal-Print-Round-Neck-T-Shirt-p-30315626.html,1738,95,0,5,0,0,0,False,0,2
Women's Loose Fit T-Shirt With Back Print,"95% Polyester, 5% Elastane",7.39,https://img.ltwebstatic.com/images3_pi/2024/01/31/f4/170670554221514dcf5796a52d330da6d714b80344_thumbnail_220x293.jpg,2024-03-14 05:06:36.445585,sz2401035426444969,https://us.shein.com/Women-s-Loose-Fit-T-Shirt-With-Back-Print-p-29845108.html,1738,95,0,5,0,0,0,False,0,2
SHEIN LUNE Ladies' Knotted Collar Striped Shirt,100.0% Polyester,6.75,https://img.ltwebstatic.com/images3_pi/2024/02/06/3c/1707213073a714ba1e3403882f0d5ac373a2982c4d_thumbnail_220x293.jpg,2024-03-14 05:08:16.376044,sz2401187777621159,https://us.shein.com/SHEIN-LUNE-Ladies-Knotted-Collar-Striped-Shirt-p-29729038.html,1733,100,0,0,0,0,0,False,0,1
DAZY Crossed Collar Design Long Sleeve T-Shirt,"90% Polyester, 10% Elastane",7.49,https://img.ltwebstatic.com/images3_pi/2024/01/02/8b/1704192633401fc75ecb3ffc7e0e1fd9bf57f1d053_thumbnail_220x293.jpg,2024-03-14 05:09:51.463468,sz2311136158874167,https://us.shein.com/DAZY-Crossed-Collar-Design-Long-Sleeve-T-Shirt-p-28487495.html,1738,90,0,10,0,0,0,False,0,2
SHEIN Lady Women's Slim Fit Halter Neck Printed Top,"89% Polyester, 11% Elastane",6.59,https://img.ltwebstatic.com/images3_pi/2024/01/26/e8/17062533082c316a8f7797055a6c597774f2401145_thumbnail_220x293.jpg,2024-03-14 05:05:43.108898,sz2310090720602431,https://us.shein.com/SHEIN-Lady-Women-s-Slim-Fit-Halter-Neck-Printed-Top-p-29622244.html,1779,89,0,11,0,0,0,False,0,2
SHEIN LUNE Women's Geometric Printed Ruffle Short Sleeve Shirt,"97% Polyester, 3% Elastane",8.69,https://img.ltwebstatic.com/images3_pi/2024/01/11/2d/170496190613e1c1fb2afb7db9705959f2c9fc3673_thumbnail_220x293.jpg,2024-03-14 05:07:03.134084,sz2312049304979097,https://us.shein.com/SHEIN-LUNE-Women-s-Geometric-Printed-Ruffle-Short-Sleeve-Shirt-p-28999891.html,1733,97,0,3,0,0,0,False,0,2
SHEIN Qutie Women's Solid Color Twist Knot Crop Top T-Shirt,"95% Polyester, 5% Elastane",4.89,https://img.ltwebstatic.com/images3_pi/2024/01/12/e0/1705029915ff486e1415343d9624309e66a06d4503_thumbnail_220x293.jpg,2024-03-14 05:10:51.415896,sz2312095963319999,https://us.shein.com/SHEIN-Qutie-Women-s-Solid-Color-Twist-Knot-Crop-Top-T-Shirt-p-29032235.html,1738,95,0,5,0,0,0,False,0,2
SHEIN Essnce Loose-Fitting Drop-Shoulder T-Shirt With Emoji Print,"95% Polyester, 5% Elastane",8.19,https://img.ltwebstatic.com/images3_pi/2024/01/15/b7/1705282675057b734c19253a7e85c4daf224ee35e6_thumbnail_220x293.jpg,2024-03-14 05:09:32.272566,sz2308303304647601,https://us.shein.com/SHEIN-Essnce-Loose-Fitting-Drop-Shoulder-T-Shirt-With-Emoji-Print-p-29115213.html,1738,95,0,5,0,0,0,False,0,2
SHEIN Clasi Women's Short Flying Sleeve Button Up Shirt With Floral Print,"97% Polyester, 3% Elastane",5.19,https://img.ltwebstatic.com/images3_pi/2024/01/29/9d/17065139370ca24bf1d68b3e73aac1ddf31d518aef_thumbnail_220x293.jpg,2024-03-14 05:09:03.180869,sw2302067716061067,https://us.shein.com/SHEIN-Clasi-Women-s-Short-Flying-Sleeve-Button-Up-Shirt-With-Floral-Print-p-29703695.html,1733,97,0,3,0,0,0,False,0,2
Women's Leisure Splice Hem Tank Top,100% Polyester,6.69,https://img.ltwebstatic.com/images3_pi/2024/01/29/fd/1706491739c8ebe8def199ce89a815bbd66ffcce7f_thumbnail_220x293.jpg,2024-03-14 05:11:46.060433,sz2312115629047461,https://us.shein.com/Women-s-Leisure-Splice-Hem-Tank-Top-p-29704565.html,1779,100,0,0,0,0,0,False,0,1
"SHEIN EZwear 4pcs/Set Casual Round Neck Short Sleeve Plain Basic Women's T-Shirt, Suitable For Summer","95% Polyester, 5% Elastane",12.59,https://img.ltwebstatic.com/images3_pi/2024/02/22/ed/1708570604eec1473061cef1aed23255328c49fd38_thumbnail_220x293.jpg,2024-03-14 05:14:26.171142,sz2312131184421722,https://us.shein.com/SHEIN-EZwear-4pcs-Set-Casual-Round-Neck-Short-Sleeve-Plain-Basic-Women-s-T-Shirt-Suitable-For-Summer-p-30372337.html,1738,95,0,5,0,0,0,False,0,2
SHEIN EZwear Solid Color Pleated Square Neck Slim Fit Tank Top,"93% Polyester, 7% Elastane",4.69,https://img.ltwebstatic.com/images3_pi/2024/01/29/41/17064949469c3194962a55d013e904d4296bd67284_thumbnail_220x293.jpg,2024-03-14 05:07:59.575492,sz2309050724415555,https://us.shein.com/SHEIN-EZwear-Solid-Color-Pleated-Square-Neck-Slim-Fit-Tank-Top-p-29680551.html,1779,93,0,7,0,0,0,False,0,2
SHEIN LUNE Casual Knitted Jacquard Back Lace Up Twisted Design Tank Top For Vacation,"95% Polyester, 5% Elastane",6.69,https://img.ltwebstatic.com/images3_pi/2024/01/13/16/170510964035f24d1ae7ff9fc8af51b0284f176266_thumbnail_220x293.jpg,2024-03-14 05:13:23.110660,sz2312207732324508,https://us.shein.com/SHEIN-LUNE-Casual-Knitted-Jacquard-Back-Lace-Up-Twisted-Design-Tank-Top-For-Vacation-p-29111469.html,1779,95,0,5,0,0,0,False,0,2
SHEIN Essnce Contrasting Color Slim Fit Camisole With Rolled Hem,100% Polyester,2.75,https://img.ltwebstatic.com/images3_pi/2024/03/07/3d/1709807154c82cb5b49aa3e25c750af3101d810229_thumbnail_220x293.jpg,2024-03-14 05:10:22.795967,sz2312098644046149,https://us.shein.com/SHEIN-Essnce-Contrasting-Color-Slim-Fit-Camisole-With-Rolled-Hem-p-28662536.html,1779,100,0,0,0,0,0,False,0,1
SHEIN Frenchy Ladies' Full Printed Tie Neck Lantern Sleeve Blouse,"95% Polyester, 5% Elastane",4.55,https://img.ltwebstatic.com/images3_pi/2024/02/01/09/170675192493c333dc670f1d325377f3b03550d3c9_thumbnail_220x293.jpg,2024-03-14 05:10:28.169770,sz2311130399931551,https://us.shein.com/SHEIN-Frenchy-Ladies-Full-Printed-Tie-Neck-Lantern-Sleeve-Blouse-p-29800708.html,1733,95,0,5,0,0,0,False,0,2
Solid Color Ribbed Basic Casual Tank Top,"95% Polyester, 5% Elastane",13.59,https://img.ltwebstatic.com/images3_pi/2024/01/09/99/1704787061804473dbaa4ae13ba5b2f0c8f9840ef5_thumbnail_220x293.jpg,2024-03-14 05:08:47.875748,sz2312142810321849,https://us.shein.com/Solid-Color-Ribbed-Basic-Casual-Tank-Top-p-28834292.html,1779,95,0,5,0,0,0,False,0,2
Solid Texture Lace Trim Tie Front T-Shirt,"50% Viscose, 40% Polyester, 10% Elastane",5.79,https://img.ltwebstatic.com/images3_pi/2024/01/11/ab/1704950704b97385240ad8102b753efd7853b39d11_thumbnail_220x293.jpg,2024-03-14 05:10:17.008319,sz2312086094431062,https://us.shein.com/Solid-Texture-Lace-Trim-Tie-Front-T-Shirt-p-28962645.html,1738,40,50,10,0,0,0,False,50,3
DAZY Women's Round-Neck Tight-Fit T-Shirt,"95% Polyester, 5% Elastane",7.39,https://img.ltwebstatic.com/images3_pi/2024/01/19/14/1705628523f4095711d381377c0e21773e5689acbb_thumbnail_220x293.jpg,2024-03-14 05:14:34.992063,sz2401152934495866,https://us.shein.com/DAZY-Women-s-Round-Neck-Tight-Fit-T-Shirt-p-29354747.html,1738,95,0,5,0,0,0,False,0,2
SHEIN VCAY Women's Black & White Striped Boat Neck T-Shirt,100% Polyester,9.29,https://img.ltwebstatic.com/images3_pi/2024/02/28/c9/1709093033e1ffd2d6875d2391b3ac73e1462bace3_thumbnail_220x293.jpg,2024-03-14 05:12:11.560211,sz2312076682744444,https://us.shein.com/SHEIN-VCAY-Women-s-Black-White-Striped-Boat-Neck-T-Shirt-p-28753727.html,1738,100,0,0,0,0,0,False,0,1
SHEIN LUNE Women's Notch V-Neck Burnout Floral Embroidery Shirt,100% Polyester,13.49,https://img.ltwebstatic.com/images3_pi/2024/02/02/44/1706858749795f3139627ce9feebc0b824f2c048f3_thumbnail_220x293.jpg,2024-03-14 05:11:01.814664,sz2401159909090089,https://us.shein.com/SHEIN-LUNE-Women-s-Notch-V-Neck-Burnout-Floral-Embroidery-Shirt-p-29861818.html,1733,100,0,0,0,0,0,False,0,1
Women'S Side Slit High Low Hem Tank Top,"95% Polyester, 5% Elastane",3.99,https://img.ltwebstatic.com/images3_pi/2023/12/25/5a/1703468901d8cedd1945ff9a4c1a8a5fc19be09d1c_thumbnail_220x293.jpg,2024-03-14 05:09:27.700867,sz2312016075723948,https://us.shein.com/Women-S-Side-Slit-High-Low-Hem-Tank-Top-p-28129490.html,1779,95,0,5,0,0,0,False,0,2
SHEIN EZwear Women's Eagle Print Notch Collar Tank Top,"62% Polyester, 34% Cotton, 4% Elastane",4.99,https://img.ltwebstatic.com/images3_pi/2024/01/11/7d/17049525381e029dc9e9e5db66947da3ccc6bb53de_thumbnail_220x293.jpg,2024-03-14 05:11:50.844812,sw2302280056044797,https://us.shein.com/SHEIN-EZwear-Women-s-Eagle-Print-Notch-Collar-Tank-Top-p-28950686.html,1779,62,0,4,34,0,0,False,34,3
Women's Letter & Teddy Bear Printed Short Sleeve T-Shirt,"95% Polyester, 5% Elastane",5.65,https://img.ltwebstatic.com/images3_pi/2024/01/22/3a/1705912723278729ddf827ac2c1b747527d92482f1_thumbnail_220x293.jpg,2024-03-14 05:13:05.747405,sz2401063289496252,https://us.shein.com/Women-s-Letter-Teddy-Bear-Printed-Short-Sleeve-T-Shirt-p-28808263.html,1738,95,0,5,0,0,0,False,0,2
Women's Tie Dye Camisole Tank Top,"95% Polyester, 5% Elastane",6.39,https://img.ltwebstatic.com/images3_pi/2024/01/25/82/1706151326af5a4adc00b669b67ad84cef0fd6a7fb_thumbnail_220x293.jpg,2024-03-14 05:13:47.594912,sz2312046898954659,https://us.shein.com/Women-s-Tie-Dye-Camisole-Tank-Top-p-29312477.html,1779,95,0,5,0,0,0,False,0,2
Y2k Style Fish Pattern Short Sleeve T-Shirt,"90% Polyester, 10% Elastane",5.49,https://img.ltwebstatic.com/images3_pi/2024/03/03/1c/170945641973b1638df0434c930ebdba8409611f37_thumbnail_220x293.jpg,2024-03-14 05:13:18.549559,sz2402174437002598,https://us.shein.com/Y2k-Style-Fish-Pattern-Short-Sleeve-T-Shirt-p-30112732.html,1738,90,0,10,0,0,0,False,0,2
Women's Mountain & Letter Printed T-Shirt,"95% Polyester, 5% Elastane",7.19,https://img.ltwebstatic.com/images3_pi/2024/02/19/91/1708315238354b265983a91c1c181580faabc619bc_thumbnail_220x293.jpg,2024-03-14 05:12:55.625150,sz2401035888103532,https://us.shein.com/Women-s-Mountain-Letter-Printed-T-Shirt-p-29560684.html,1738,95,0,5,0,0,0,False,0,2
SHEIN LUNE Women's Cartoon Bear Pattern Short Sleeve T-Shirt,"95% Polyester, 5% Elastane",6.79,https://img.ltwebstatic.com/images3_pi/2024/01/15/67/1705308163e8e9157dde1769ebd5249b9faa2c119c_thumbnail_220x293.jpg,2024-03-14 05:11:40.826399,sz2311140023687486,https://us.shein.com/SHEIN-LUNE-Women-s-Cartoon-Bear-Pattern-Short-Sleeve-T-Shirt-p-29137719.html,1738,95,0,5,0,0,0,False,0,2
SHEIN SXY Valentine's Day Ladies Sexy White Deep S Square Irregular Neckline Steel Ring Fishbone High Elastic High-End Temperament Sexy Sleeveless Silky Skin-Friendly Tight Shoulder Straps Adjustable Short Bra Vest Corset,"94% Polyester, 6% Elastane",12.79,https://img.ltwebstatic.com/images3_pi/2024/01/12/ff/170502644914d93f495dd5b9423f1c37964413ba1f_thumbnail_220x293.jpg,2024-03-14 05:13:00.682844,sz2311062499454772,https://us.shein.com/SHEIN-SXY-Valentine-s-Day-Ladies-Sexy-White-Deep-S-Square-Irregular-Neckline-Steel-Ring-Fishbone-High-Elastic-High-End-Temperament-Sexy-Sleeveless-Silky-Skin-Friendly-Tight-Shoulder-Straps-Adjustable-Short-Bra-Vest-Corset-p-29003040.html,1779,94,0,6,0,0,0,False,0,2
"SHEIN Coolane Women's Color Block Letter Printed Tank Top, Suitable For Spring And Summer Outfits","94% Cotton, 6% Elastane",4.39,https://img.ltwebstatic.com/images3_pi/2024/02/18/5d/17082368126c82dd615da893e4a09be2e9678078bb_thumbnail_220x293.jpg,2024-03-14 05:09:22.919709,sz2311242422379443,https://us.shein.com/SHEIN-Coolane-Women-s-Color-Block-Letter-Printed-Tank-Top-Suitable-For-Spring-And-Summer-Outfits-p-28861449.html,1779,0,0,6,94,0,0,False,94,2
Ladies' Tie-Dye Short Sleeve T-Shirt,100% Polyester,5.5,https://img.ltwebstatic.com/images3_pi/2024/01/06/a7/170453269270786fadbc8418a4a140b9e685b44c7b_thumbnail_220x293.jpg,2024-03-14 05:11:06.283574,sz2312147748780540,https://us.shein.com/Ladies-Tie-Dye-Short-Sleeve-T-Shirt-p-28742538.html,1738,100,0,0,0,0,0,False,0,1
SHEIN Qutie Women's Perspective Lace Camisole Top,"88% Polyamide, 12% Elastane",4.79,https://img.ltwebstatic.com/images3_pi/2024/01/08/93/170470187430683952e42ae9d9802218d248e92c79_thumbnail_220x293.jpg,2024-03-14 05:08:12.221768,sz2312019099849905,https://us.shein.com/SHEIN-Qutie-Women-s-Perspective-Lace-Camisole-Top-p-28808380.html,1779,0,0,12,0,88,0,False,0,2
Women's Slogan Pattern Short Sleeve T-Shirt,"95% Polyester, 5% Elastane",3.65,https://img.ltwebstatic.com/images3_pi/2024/01/23/a9/17060002601779ebeb3f2cc4cba2c97dec4c7855e0_thumbnail_220x293.jpg,2024-03-14 05:11:26.626090,sz2401129309381229,https://us.shein.com/Women-s-Slogan-Pattern-Short-Sleeve-T-Shirt-p-29045902.html,1738,95,0,5,0,0,0,False,0,2
SHEIN LUNE V-Neck Ombre Sleeveless Top,"95% Polyester, 5% Elastane",6.79,https://img.ltwebstatic.com/images3_pi/2024/01/22/09/1705903769a6236df476c587ade2332c1438adb5c4_thumbnail_220x293.jpg,2024-03-14 05:12:16.597762,sz2401148603343842,https://us.shein.com/SHEIN-LUNE-V-Neck-Ombre-Sleeveless-Top-p-29444201.html,1779,95,0,5,0,0,0,False,0,2
SHEIN EZwear Ladies' Short Sleeve T-Shirt With Letter Print,"95% Cotton, 5% Elastane",5.19,https://img.ltwebstatic.com/images3_pi/2024/01/25/75/17061492106256c2c65fec078a2589e2df02a55754_thumbnail_220x293.jpg,2024-03-14 05:13:42.411771,sz2303201511766411,https://us.shein.com/SHEIN-EZwear-Ladies-Short-Sleeve-T-Shirt-With-Letter-Print-p-29573198.html,1738,0,0,5,95,0,0,False,95,2
Women's Printed Cropped T-Shirt,"95% Polyester, 5% Elastane",5.99,https://img.ltwebstatic.com/images3_pi/2024/01/19/dc/1705655112b4bd5b209f366584f3423fb764024510_thumbnail_220x293.jpg,2024-03-14 05:12:30.909521,sz2312191992609268,https://us.shein.com/Women-s-Printed-Cropped-T-Shirt-p-28907681.html,1738,95,0,5,0,0,0,False,0,2
SHEIN Qutie Solid Color Lace Trim Knitted Camisole Top,"98% Polyester, 2% Elastane",5.49,https://img.ltwebstatic.com/images3_pi/2024/02/20/a1/17083959969503d1964971f4db5f34800305eb6553_thumbnail_220x293.jpg,2024-03-14 05:06:32.695108,sw2302277721160506,https://us.shein.com/SHEIN-Qutie-Solid-Color-Lace-Trim-Knitted-Camisole-Top-p-30163045.html,1779,98,0,2,0,0,0,False,0,2
SHEIN Essnce Women's Cartoon Rabbit Pattern Short Sleeve T-Shirt,"95% Polyester, 5% Elastane",3.76,https://img.ltwebstatic.com/images3_pi/2024/01/23/ed/1705986743f866be1cfa2e8621ca6013687072d431_thumbnail_220x293.jpg,2024-03-14 05:14:21.173242,sz2401231258548266,https://us.shein.com/SHEIN-Essnce-Women-s-Cartoon-Rabbit-Pattern-Short-Sleeve-T-Shirt-p-29482080.html,1738,95,0,5,0,0,0,False,0,2
Solid Color Tank Top With Letter Print And Wide Shoulder Strap,"95% Polyester, 5% Elastane",6.19,https://img.ltwebstatic.com/images3_pi/2024/02/01/69/17067584099210858f961640a5def671f47178d666_thumbnail_220x293.jpg,2024-03-14 05:10:47.332920,sz2312239411152926,https://us.shein.com/Solid-Color-Tank-Top-With-Letter-Print-And-Wide-Shoulder-Strap-p-29824908.html,1779,95,0,5,0,0,0,False,0,2
ROMWE Women'S Off-Shoulder Fold Over Collar Pleated T-Shirt,"70% Modal, 25% Polyester, 5% Elastane",9.89,https://img.ltwebstatic.com/images3_pi/2023/12/20/17/1703071148d73144262fb1a27d13077dcda7b09b64_thumbnail_220x293.jpg,2024-03-14 05:08:53.013110,rz2311254746355055,https://us.shein.com/ROMWE-Women-S-Off-Shoulder-Fold-Over-Collar-Pleated-T-Shirt-p-29922217.html,1738,25,0,5,0,0,70,False,70,3
ROMWE Fairycore Women's Rhinestone Embellished Lace Splicing Camisole Tank Top,100% Polyester,6.49,https://img.ltwebstatic.com/images3_pi/2024/01/08/5f/17046913420ec3f4c1a0d5c0defdbb77680d1d5e60_thumbnail_220x293.jpg,2024-03-14 05:05:51.709850,rz2401024482823418,https://us.shein.com/ROMWE-Fairycore-Women-s-Rhinestone-Embellished-Lace-Splicing-Camisole-Tank-Top-p-29922556.html,1779,100,0,0,0,0,0,False,0,1
SHEIN EZwear Women's Seamless Cropped Camisole Top,"96% Polyester, 4% Elastane",5.79,https://img.ltwebstatic.com/images3_pi/2024/01/26/a8/1706252954a4199a7d1efd36b1ccbd39ef1e1224cd_thumbnail_220x293.jpg,2024-03-14 05:11:16.861347,sz2312076383853266,https://us.shein.com/SHEIN-EZwear-Women-s-Seamless-Cropped-Camisole-Top-p-29627210.html,1779,96,0,4,0,0,0,False,0,2
SHEIN Qutie Women's Lace Decorated Bow Tie T-Shirt,100% Polyester,4.89,https://img.ltwebstatic.com/images3_pi/2024/01/19/5f/1705660797d6d49f9cb78f9748e0ea46fe0cf4b5ee_thumbnail_220x293.jpg,2024-03-14 05:11:21.340718,sz2312077272570026,https://us.shein.com/SHEIN-Qutie-Women-s-Lace-Decorated-Bow-Tie-T-Shirt-p-29405256.html,1738,100,0,0,0,0,0,False,0,1
"SHEIN LUNE Summer Women's Lotus Leaf Edge Bubble Sleeve Blouse With Embroidered Blue And White Porcelain Pattern, Back Bow Tie And A-Line Hem",100% Cotton,15.29,https://img.ltwebstatic.com/images3_pi/2024/01/30/33/1706597256bc73d9fa83d67db1a9ab76313447e1a9_thumbnail_220x293.jpg,2024-03-14 05:12:36.223398,sz2312048787748987,https://us.shein.com/SHEIN-LUNE-Summer-Women-s-Lotus-Leaf-Edge-Bubble-Sleeve-Blouse-With-Embroidered-Blue-And-White-Porcelain-Pattern-Back-Bow-Tie-And-A-Line-Hem-p-29738247.html,1733,0,0,0,100,0,0,True,100,1
ROMWE Kawaii Women's Lace Patchwork Leopard Print Camisole Tank Top,"97% Polyester, 3% Elastane",9.19,https://img.ltwebstatic.com/images3_pi/2024/01/19/e1/17056311118551c62782548058f4deb74db00912a7_thumbnail_220x293.jpg,2024-03-14 05:07:29.317503,rz2312209696484889,https://us.shein.com/ROMWE-Kawaii-Women-s-Lace-Patchwork-Leopard-Print-Camisole-Tank-Top-p-29922600.html,1779,97,0,3,0,0,0,False,0,2
SHEIN VCAY Solid Color V-Neck Criss-Cross Wrap Vest Top,100% Polyester,5.89,https://img.ltwebstatic.com/images3_pi/2024/02/01/72/1706755929d619ad643dcb05b3c839acdbce1923e3_thumbnail_220x293.jpg,2024-03-14 05:14:29.922736,sz2312122088340122,https://us.shein.com/SHEIN-VCAY-Solid-Color-V-Neck-Criss-Cross-Wrap-Vest-Top-p-29825906.html,1779,100,0,0,0,0,0,False,0,1
DAZY Solid Color Ribbed Knitted Fitted Cropped Tank Top,"90% Polyester, 10% Elastane",5.39,https://img.ltwebstatic.com/images3_pi/2024/01/24/78/1706075929a41944b9164de00d37359c43fc940aef_thumbnail_220x293.jpg,2024-03-14 05:10:06.620275,sz2312091454488248,https://us.shein.com/DAZY-Solid-Color-Ribbed-Knitted-Fitted-Cropped-Tank-Top-p-29539941.html,1779,90,0,10,0,0,0,False,0,2
Women's Solid Color Half Placket Slim Fit Short Sleeve T-Shirt,"95% Polyester, 5% Elastane",6.69,https://img.ltwebstatic.com/images3_pi/2024/03/01/09/17092607553ef0a0831fa0488ed869b2488dab96a8_thumbnail_220x293.jpg,2024-03-14 05:06:13.524974,sz2312204579967121,https://us.shein.com/Women-s-Solid-Color-Half-Placket-Slim-Fit-Short-Sleeve-T-Shirt-p-29050531.html,1738,95,0,5,0,0,0,False,0,2
SHEIN ICON Women's Rose Mesh Irregular Hem Camisole Top,"90% Polyamide, 10% Elastane",6.79,https://img.ltwebstatic.com/images3_pi/2024/02/01/67/170676247801071c88c571103f37d0a998e5ca2924_thumbnail_220x293.jpg,2024-03-14 05:12:25.839077,sz2312053346756931,https://us.shein.com/SHEIN-ICON-Women-s-Rose-Mesh-Irregular-Hem-Camisole-Top-p-29809214.html,1779,0,0,10,0,90,0,False,0,2
Women's Solar System & Alphabet Print T-Shirt,"95% Polyester, 5% Elastane",6.99,https://img.ltwebstatic.com/images3_pi/2024/02/23/8c/1708681097129b3b72660f3f2c3a5d8cb5bb58d2b7_thumbnail_220x293.jpg,2024-03-14 05:06:53.781418,sz2401036398628333,https://us.shein.com/Women-s-Solar-System-Alphabet-Print-T-Shirt-p-29645419.html,1738,95,0,5,0,0,0,False,0,2
Y2k Digital Print Short Sleeve Women's T-Shirt,"90% Polyester, 10% Elastane",4.39,https://img.ltwebstatic.com/images3_pi/2024/02/28/24/1709092839cbfdd8cd42a141e4d707d1f2b8dfa985_thumbnail_220x293.jpg,2024-03-14 05:09:56.896161,sz2401317273895919,https://us.shein.com/Y2k-Digital-Print-Short-Sleeve-Women-s-T-Shirt-p-30164292.html,1738,90,0,10,0,0,0,False,0,2
SHEIN VCAY Women's Floral Print Flying Sleeve Blouse,"97% Polyester, 3% Elastane",5.89,https://img.ltwebstatic.com/images3_pi/2024/01/03/fb/1704264646e131e46dffeb75f729183e4779c00b0a_thumbnail_220x293.jpg,2024-03-14 05:14:16.419216,sz2312028978501232,https://us.shein.com/SHEIN-VCAY-Women-s-Floral-Print-Flying-Sleeve-Blouse-p-28521069.html,1733,97,0,3,0,0,0,False,0,2
SHEIN LUNE Women's Striped Sleeveless Vest,"97% Polyester, 3% Elastane",6.19,https://img.ltwebstatic.com/images3_pi/2024/01/29/45/1706495506350436fdb490209d55d7fc0289ad8c82_thumbnail_220x293.jpg,2024-03-14 05:10:12.082242,sz2305165551624174,https://us.shein.com/SHEIN-LUNE-Women-s-Striped-Sleeveless-Vest-p-29683007.html,1779,97,0,3,0,0,0,False,0,2
Women's Cropped T-Shirt With Letter Embroidery,"95% Polyester, 5% Elastane",3.27,https://img.ltwebstatic.com/images3_pi/2024/01/09/5b/170479755490f905bd91dbb71034ba33a5c5c005fd_thumbnail_220x293.jpg,2024-03-14 05:06:22.696326,sz2401086104660048,https://us.shein.com/Women-s-Cropped-T-Shirt-With-Letter-Embroidery-p-28879981.html,1738,95,0,5,0,0,0,False,0,2
Y2k Pentagram Printed Short Sleeve Women's T-Shirt,"90% Polyester, 10% Elastane",5.49,https://img.ltwebstatic.com/images3_pi/2024/02/26/09/1708952525fd4aa5812a07fa54d9e66e1e3f21efa0_thumbnail_220x293.jpg,2024-03-14 05:12:07.424385,sz2402181805322946,https://us.shein.com/Y2k-Pentagram-Printed-Short-Sleeve-Women-s-T-Shirt-p-30101572.html,1738,90,0,10,0,0,0,False,0,2
Fruit Print Short Sleeve Crop Top,"90% Polyester, 10% Elastane",5.49,https://img.ltwebstatic.com/images3_pi/2024/03/02/55/17093521221c1a23fb55c6b8a1422d178158be111f_thumbnail_220x293.jpg,2024-03-14 05:10:41.624356,sz2402177794542572,https://us.shein.com/Fruit-Print-Short-Sleeve-Crop-Top-p-30128551.html,1738,90,0,10,0,0,0,False,0,2
SHEIN Clasi Women's Contrast Color Round Neck Cut-Out T-Shirt,"95% Polyester, 5% Elastane",7.39,https://img.ltwebstatic.com/images3_pi/2024/01/12/22/17050413614e90a282593f9af997b993fefeb039f3_thumbnail_220x293.jpg,2024-03-14 05:06:17.692666,sz2311219809221868,https://us.shein.com/SHEIN-Clasi-Women-s-Contrast-Color-Round-Neck-Cut-Out-T-Shirt-p-29014755.html,1738,95,0,5,0,0,0,False,0,2
"SHEIN VCAY Vacation Style Women's Shirt With Notched Neckline, Floral Print And Ruffle Hem",100% Polyester,7.09,https://img.ltwebstatic.com/images3_pi/2024/01/11/77/1704944477969ea14e7e008ad0a2be1114e56b1ae0_thumbnail_220x293.jpg,2024-03-14 05:05:37.794641,sz2311184656951853,https://us.shein.com/SHEIN-VCAY-Vacation-Style-Women-s-Shirt-With-Notched-Neckline-Floral-Print-And-Ruffle-Hem-p-28959490.html,1733,100,0,0,0,0,0,False,0,1
SHEIN LUNE Floral Print 2-In-1 Short Sleeve T-Shirt,"96% Polyester, 4% Elastane",9.09,https://img.ltwebstatic.com/images3_pi/2024/01/31/fa/170667328959c93b47df970001831fe3ddabf1affe_thumbnail_220x293.jpg,2024-03-14 05:14:06.958081,sz2401059183936491,https://us.shein.com/SHEIN-LUNE-Floral-Print-2-In-1-Short-Sleeve-T-Shirt-p-29793312.html,1738,96,0,4,0,0,0,False,0,2
SHEIN Essnce Women'S Color Block Stripe Long Sleeve Shirt,100% Polyester,13.59,https://img.ltwebstatic.com/images3_pi/2023/12/07/8f/1701938316c8f948b980b43af4c080c240b8b21eed_thumbnail_220x293.jpg,2024-03-14 05:11:55.997985,sz2311201391378411,https://us.shein.com/SHEIN-Essnce-Women-S-Color-Block-Stripe-Long-Sleeve-Shirt-p-27334356.html,1733,100,0,0,0,0,0,False,0,1
SHEIN VCAY Tie Back Embroidered Floral Hollow Out Hem Cami Top With Ruffle Trim,"95% Polyester, 5% Elastane",11.39,https://img.ltwebstatic.com/images3_pi/2024/01/10/8c/17048563107c336a3b9c3ec14b6da4243912c0865a_thumbnail_220x293.jpg,2024-03-14 05:14:48.232604,sz2312060736643891,https://us.shein.com/SHEIN-VCAY-Tie-Back-Embroidered-Floral-Hollow-Out-Hem-Cami-Top-With-Ruffle-Trim-p-28912318.html,1779,95,0,5,0,0,0,False,0,2
SHEIN LUNE Women's Chain Strap Ring Zipper Camisole,"64% Polyester, 30% Viscose, 6% Elastane",7.69,https://img.ltwebstatic.com/images3_pi/2024/01/29/33/1706507768bc3fcf6d3dedff49e8536a20ed4f2c63_thumbnail_220x293.jpg,2024-03-14 05:06:00.516584,sw2302249447101710,https://us.shein.com/SHEIN-LUNE-Women-s-Chain-Strap-Ring-Zipper-Camisole-p-29693930.html,1779,64,30,6,0,0,0,False,30,3
SHEIN EZwear Women's Solid Color Pleated Off Shoulder Top,100% Polyester,10.19,https://img.ltwebstatic.com/images3_pi/2024/02/04/f9/17070307131fa0bf5fcaf7f6cb90fcb094d7c195a4_thumbnail_220x293.jpg,2024-03-14 05:08:58.109917,sz2401088602012929,https://us.shein.com/SHEIN-EZwear-Women-s-Solid-Color-Pleated-Off-Shoulder-Top-p-29905403.html,2223,100,0,0,0,0,0,False,0,1
SHEIN Aloruh Women's Asymmetrical One Shoulder Short Sleeve T-Shirt With Front Draped Ribbon,"94% Viscose, 6% Elastane",7.39,https://img.ltwebstatic.com/images3_pi/2024/01/31/5b/1706678950060f12cfe41366b5fa587740ab5463ad_thumbnail_220x293.jpg,2024-03-14 05:14:38.922279,sz2312138844477729,https://us.shein.com/SHEIN-Aloruh-Women-s-Asymmetrical-One-Shoulder-Short-Sleeve-T-Shirt-With-Front-Draped-Ribbon-p-29771224.html,1738,0,94,6,0,0,0,False,94,2
Y2k Cherry Pattern Short Sleeve Women's T-Shirt,"90% Polyester, 10% Elastane",5.49,https://img.ltwebstatic.com/images3_pi/2024/03/09/45/170995681549980c32ee0b3896c092a72535a21f85_thumbnail_220x293.jpg,2024-03-14 05:13:27.802580,sz2401291125252120,https://us.shein.com/Y2k-Cherry-Pattern-Short-Sleeve-Women-s-T-Shirt-p-29719858.html,1738,90,0,10,0,0,0,False,0,2
Women's Solid Color Pleated Camisole Tank Top,"95% Polyester, 5% Elastane",7.59,https://img.ltwebstatic.com/images3_pi/2024/01/24/5b/17060690142032472302e64f6271467614f5063c7f_thumbnail_220x293.jpg,2024-03-14 05:07:20.622322,sz2401121961558614,https://us.shein.com/Women-s-Solid-Color-Pleated-Camisole-Tank-Top-p-29515155.html,1779,95,0,5,0,0,0,False,0,2
SHEIN LUNE Women's Striped Halter Top,"50% Polyester, 45% Viscose, 5% Elastane",5.89,https://img.ltwebstatic.com/images3_pi/2024/01/10/9a/17048564617a096bab3335be3c15fa158bc7716d9a_thumbnail_220x293.jpg,2024-03-14 05:05:55.730799,sz2311101999018581,https://us.shein.com/SHEIN-LUNE-Women-s-Striped-Halter-Top-p-28879594.html,1779,50,45,5,0,0,0,False,45,3
SHEIN SXY Women'S Solid Color Knotted Knitted Vest,"94% Viscose, 6% Elastane",6.79,https://img.ltwebstatic.com/images3_pi/2023/12/12/60/1702358871aff41ca16d9b33b48d98d959e9a15d74_thumbnail_220x293.jpg,2024-03-14 05:09:42.641664,sS2104260104538213,https://us.shein.com/SHEIN-SXY-Women-S-Solid-Color-Knotted-Knitted-Vest-p-27507329.html,1779,0,94,6,0,0,0,False,94,2
ROMWE Kawaii Sexy Pink Leopard Mesh & Lace Splicing Floral Print Cami Tank Top,"70% Polyamide, 30% Elastane",7.39,https://img.ltwebstatic.com/images3_pi/2024/01/23/6b/1705990045cb77921fea9b0f5dbab04c737f6b06f3_thumbnail_220x293.jpg,2024-03-14 05:08:07.988694,rz2401098110868620,https://us.shein.com/ROMWE-Kawaii-Sexy-Pink-Leopard-Mesh-Lace-Splicing-Floral-Print-Cami-Tank-Top-p-29923289.html,1779,0,0,30,0,70,0,False,0,2
Ladies' Heart-Shaped Letter Pattern Printed Round Neck T-Shirt,"94% Polyester, 6% Elastane",6.39,https://img.ltwebstatic.com/images3_pi/2024/01/18/22/17055448062701dcb3342346e8bd0cf80c271375e7_thumbnail_220x293.jpg,2024-03-14 05:13:32.837223,sz2401089120239195,https://us.shein.com/Ladies-Heart-Shaped-Letter-Pattern-Printed-Round-Neck-T-Shirt-p-29274705.html,1738,94,0,6,0,0,0,False,0,2
Textured Fabric Waist Gathered Fitted Shirt,100% Polyester,10.59,https://img.ltwebstatic.com/images3_pi/2024/01/29/1c/17064938609025e1897d563ff95a31ad6e5307774a_thumbnail_220x293.jpg,2024-03-14 05:07:56.080963,sz2312142919861456,https://us.shein.com/Textured-Fabric-Waist-Gathered-Fitted-Shirt-p-29703711.html,1733,100,0,0,0,0,0,False,0,1
SHEIN Clasi Ladies' Solid Color V-Neck Camisole,"97% Polyester, 3% Elastane",10.99,https://img.ltwebstatic.com/images3_pi/2024/01/16/63/170538752573248b99f2d70c7c6dc5dece4c59ff1b_thumbnail_220x293.jpg,2024-03-14 05:08:34.915890,sz2308231324971214,https://us.shein.com/SHEIN-Clasi-Ladies-Solid-Color-V-Neck-Camisole-p-29175678.html,1779,97,0,3,0,0,0,False,0,2
SHEIN LUNE MAMA Denim Graphic Print T-Shirt,"95% Polyester, 5% Elastane",6.69,https://img.ltwebstatic.com/images3_pi/2024/01/18/71/170554516383b9ed73a189034d7780a618851edc71_thumbnail_220x293.jpg,2024-03-14 05:14:43.110097,sz2401173323365382,https://us.shein.com/SHEIN-LUNE-MAMA-Denim-Graphic-Print-T-Shirt-p-29294737.html,1738,95,0,5,0,0,0,False,0,2
Trendy Queen Womens Basic T-Shirts Scoop Neck Short Sleeve Crop Tops Cute Summer Tops Slim Fit Tees Y2k,"92% Viscose, 8% Elastane",6.69,https://img.ltwebstatic.com/images3_pi/2024/01/15/5a/17053195585e313ad13a81b71fbb1c9e70abab0b56_thumbnail_220x293.jpg,2024-03-14 05:06:41.223294,sz2401033757400757,https://us.shein.com/Trendy-Queen-Womens-Basic-T-Shirts-Scoop-Neck-Short-Sleeve-Crop-Tops-Cute-Summer-Tops-Slim-Fit-Tees-Y2k-p-29136509.html,1738,0,92,8,0,0,0,False,92,2
SHEIN Clasi Women'S Herringbone Chain Print Notched Collar Shirt,"95% Polyester, 5% Elastane",5.99,https://img.ltwebstatic.com/images3_pi/2023/12/26/42/17035564234ac188e479445ec30edbb5787a1d9059_thumbnail_220x293.jpg,2024-03-14 05:13:56.832904,sz2311082583097050,https://us.shein.com/SHEIN-Clasi-Women-S-Herringbone-Chain-Print-Notched-Collar-Shirt-p-28178541.html,1733,95,0,5,0,0,0,False,0,2
SHEIN Essnce Ladies' Solid Colored V-Neck Ribbed Short Sleeve T-Shirt,"93% Cotton, 7% Elastane",6.49,https://img.ltwebstatic.com/images3_pi/2024/01/26/a6/1706259106aa8f1f2ea05ab7d409267b6af4e05785_thumbnail_220x293.jpg,2024-03-14 05:11:36.675630,sS1907040015721668,https://us.shein.com/SHEIN-Essnce-Ladies-Solid-Colored-V-Neck-Ribbed-Short-Sleeve-T-Shirt-p-29630624.html,1738,0,0,7,93,0,0,False,93,2
